{
  "models": [
    "svm1",
    "svm2",
    "rf1",
    "rf2"
  ],
  "svm1_accuracy": 0.9843333333333333,
  "svm2_accuracy": 0.998,
  "rf1_accuracy": 0.9922857142857143,
  "rf2_accuracy": 0.9958571428571429,
  "svm1_cv_score": 0.97325,
  "svm2_cv_score": 0.9978333333333331,
  "rf1_cv_score": 0.9922857142857143,
  "rf2_cv_score": 0.9965714285714287
}